<?xml version="1.0" encoding="UTF-8"?>
<!DOCTYPE mapper PUBLIC "-//mybatis.org//DTD Mapper 3.0//EN" "http://mybatis.org/dtd/mybatis-3-mapper.dtd">

<mapper namespace="com.huayu.hymall.order.dao.OrderOperateHistoryDao">

	<!-- 可根据自己的需求，是否要使用 -->
    <resultMap type="com.huayu.hymall.order.entity.OrderOperateHistoryEntity" id="orderOperateHistoryMap">
        <result property="id" column="id"/>
        <result property="orderId" column="order_id"/>
        <result property="operateMan" column="operate_man"/>
        <result property="createTime" column="create_time"/>
        <result property="orderStatus" column="order_status"/>
        <result property="note" column="note"/>
    </resultMap>


</mapper>